coalQty,elecConsump,transportation,deforestedArea,strategy_label
10000.0,240000.0,15.0,0.1,Estimate Carbon Credits
3500000.0,84000000.0,3505.0,35.0,"Switch to renewables,Adopt electric vehicles,Afforestation,Implement methane capture,Estimate Carbon Credits"
40000.0,960000.0,45.0,0.4,"Switch to renewables,Estimate Carbon Credits"
100000.0,2400000.0,105.0,1.0,"Switch to renewables,Adopt electric vehicles,Estimate Carbon Credits"
70000.0,1680000.0,75.0,0.7,"Switch to renewables,Estimate Carbon Credits"
160000.0,3840000.0,165.0,1.6,"Switch to renewables,Adopt electric vehicles,Implement methane capture,Estimate Carbon Credits"
170000.0,4080000.0,175.0,1.7,"Switch to renewables,Adopt electric vehicles,Implement methane capture,Estimate Carbon Credits"
70000.0,1680000.0,75.0,0.7,"Switch to renewables,Estimate Carbon Credits"
60000.0,1440000.0,65.0,0.6,"Switch to renewables,Estimate Carbon Credits"
40000.0,960000.0,45.0,0.4,"Switch to renewables,Estimate Carbon Credits"
80000.0,1920000.0,85.0,0.8,"Switch to renewables,Estimate Carbon Credits"
30000.0,720000.0,35.0,0.3,"Switch to renewables,Estimate Carbon Credits"
30000.0,720000.0,35.0,0.3,"Switch to renewables,Estimate Carbon Credits"
130000.0,3120000.0,135.0,1.3,"Switch to renewables,Adopt electric vehicles,Implement methane capture,Estimate Carbon Credits"
50000.0,1200000.0,55.0,0.5,"Switch to renewables,Estimate Carbon Credits"
100000.0,2400000.0,105.0,1.0,"Switch to renewables,Adopt electric vehicles,Estimate Carbon Credits"
110000.0,2640000.0,115.0,1.1,"Switch to renewables,Adopt electric vehicles,Implement methane capture,Estimate Carbon Credits"
160000.0,3840000.0,165.0,1.6,"Switch to renewables,Adopt electric vehicles,Implement methane capture,Estimate Carbon Credits"
60000.0,1440000.0,65.0,0.6,"Switch to renewables,Estimate Carbon Credits"
70000.0,1680000.0,75.0,0.7,"Switch to renewables,Estimate Carbon Credits"
830000.0,19920000.0,835.0,8.3,"Switch to renewables,Adopt electric vehicles,Implement methane capture,Estimate Carbon Credits"
90000.0,2160000.0,95.0,0.9,"Switch to renewables,Estimate Carbon Credits"
150000.0,3600000.0,155.0,1.5,"Switch to renewables,Adopt electric vehicles,Implement methane capture,Estimate Carbon Credits"
270000.0,6480000.0,275.0,2.7,"Switch to renewables,Adopt electric vehicles,Implement methane capture,Estimate Carbon Credits"
200000.0,4800000.0,205.0,2.0,"Switch to renewables,Adopt electric vehicles,Implement methane capture,Estimate Carbon Credits"
50000.0,1200000.0,55.0,0.5,"Switch to renewables,Estimate Carbon Credits"
70000.0,1680000.0,75.0,0.7,"Switch to renewables,Estimate Carbon Credits"
40000.0,960000.0,45.0,0.4,"Switch to renewables,Estimate Carbon Credits"
150000.0,3600000.0,155.0,1.5,"Switch to renewables,Adopt electric vehicles,Implement methane capture,Estimate Carbon Credits"
100000.0,2400000.0,105.0,1.0,"Switch to renewables,Adopt electric vehicles,Estimate Carbon Credits"
90000.0,2160000.0,95.0,0.9,"Switch to renewables,Estimate Carbon Credits"
60000.0,1440000.0,65.0,0.6,"Switch to renewables,Estimate Carbon Credits"
40000.0,960000.0,45.0,0.4,"Switch to renewables,Estimate Carbon Credits"
20000.0,480000.0,25.0,0.2,Estimate Carbon Credits
30000.0,720000.0,35.0,0.3,"Switch to renewables,Estimate Carbon Credits"
60000.0,1440000.0,65.0,0.6,"Switch to renewables,Estimate Carbon Credits"
30000.0,720000.0,35.0,0.3,"Switch to renewables,Estimate Carbon Credits"
30000.0,720000.0,35.0,0.3,"Switch to renewables,Estimate Carbon Credits"
20000.0,480000.0,25.0,0.2,Estimate Carbon Credits
80000.0,1920000.0,85.0,0.8,"Switch to renewables,Estimate Carbon Credits"
100000.0,2400000.0,105.0,1.0,"Switch to renewables,Adopt electric vehicles,Estimate Carbon Credits"
350000.0,8400000.0,355.0,3.5,"Switch to renewables,Adopt electric vehicles,Implement methane capture,Estimate Carbon Credits"
410000.0,3690000.0,840.0,20.5,"Switch to renewables,Adopt electric vehicles,Afforestation,Implement methane capture,Estimate Carbon Credits"
1000000.0,9000000.0,2020.0,50.0,"Switch to renewables,Adopt electric vehicles,Afforestation,Implement methane capture,Estimate Carbon Credits"
100000.0,900000.0,220.0,5.0,"Switch to renewables,Adopt electric vehicles,Estimate Carbon Credits"
1030000.0,9270000.0,2080.0,51.5,"Switch to renewables,Adopt electric vehicles,Afforestation,Implement methane capture,Estimate Carbon Credits"
50000.0,450000.0,120.0,2.5,"Adopt electric vehicles,Estimate Carbon Credits"
1020000.0,9180000.0,2060.0,51.0,"Switch to renewables,Adopt electric vehicles,Afforestation,Implement methane capture,Estimate Carbon Credits"
60000.0,540000.0,140.0,3.0,"Switch to renewables,Adopt electric vehicles,Estimate Carbon Credits"
11100000.0,99900000.0,22220.0,555.0,"Switch to renewables,Adopt electric vehicles,Afforestation,Implement methane capture,Estimate Carbon Credits"
590000.0,5310000.0,1200.0,29.5,"Switch to renewables,Adopt electric vehicles,Afforestation,Implement methane capture,Estimate Carbon Credits"
650000.0,5850000.0,1320.0,32.5,"Switch to renewables,Adopt electric vehicles,Afforestation,Implement methane capture,Estimate Carbon Credits"
1160000.0,10440000.0,2340.0,58.0,"Switch to renewables,Adopt electric vehicles,Afforestation,Implement methane capture,Estimate Carbon Credits"
550000.0,4950000.0,1120.0,27.5,"Switch to renewables,Adopt electric vehicles,Afforestation,Implement methane capture,Estimate Carbon Credits"
480000.0,7680000.0,782.0,240.0,"Switch to renewables,Adopt electric vehicles,Afforestation,Implement methane capture,Estimate Carbon Credits"
380000.0,6080000.0,622.0,190.0,"Switch to renewables,Adopt electric vehicles,Afforestation,Implement methane capture,Estimate Carbon Credits"
340000.0,5440000.0,558.0,170.0,"Switch to renewables,Adopt electric vehicles,Afforestation,Implement methane capture,Estimate Carbon Credits"
730000.0,11680000.0,1182.0,365.0,"Switch to renewables,Adopt electric vehicles,Afforestation,Implement methane capture,Estimate Carbon Credits"
180000.0,2880000.0,302.0,90.0,"Switch to renewables,Adopt electric vehicles,Afforestation,Implement methane capture,Estimate Carbon Credits"
740000.0,11840000.0,1198.0,370.0,"Switch to renewables,Adopt electric vehicles,Afforestation,Implement methane capture,Estimate Carbon Credits"
160000.0,2560000.0,270.0,80.0,"Switch to renewables,Adopt electric vehicles,Afforestation,Implement methane capture,Estimate Carbon Credits"
140000.0,1260000.0,300.0,7.0,"Switch to renewables,Adopt electric vehicles,Implement methane capture,Estimate Carbon Credits"
370000.0,5920000.0,606.0,185.0,"Switch to renewables,Adopt electric vehicles,Afforestation,Implement methane capture,Estimate Carbon Credits"
1856000.0,16704000.0,3732.0,92.8,"Switch to renewables,Adopt electric vehicles,Afforestation,Implement methane capture,Estimate Carbon Credits"
230000.0,2070000.0,480.0,11.5,"Switch to renewables,Adopt electric vehicles,Afforestation,Implement methane capture,Estimate Carbon Credits"
161000.0,1449000.0,342.0,8.05,"Switch to renewables,Adopt electric vehicles,Implement methane capture,Estimate Carbon Credits"
90000.0,2160000.0,95.0,0.9,"Switch to renewables,Estimate Carbon Credits"
60000.0,1440000.0,65.0,0.6,"Switch to renewables,Estimate Carbon Credits"
60000.0,1440000.0,65.0,0.6,"Switch to renewables,Estimate Carbon Credits"
400000.0,3600000.0,820.0,20.0,"Switch to renewables,Adopt electric vehicles,Afforestation,Implement methane capture,Estimate Carbon Credits"
17370000.0,156330000.0,34760.0,868.5,"Switch to renewables,Adopt electric vehicles,Afforestation,Implement methane capture,Estimate Carbon Credits"
0.0,0.0,20.0,0.0,Estimate Carbon Credits
2050000.0000000000,18450000.000000000,4120.0,102.50000000000000,"Switch to renewables,Adopt electric vehicles,Afforestation,Implement methane capture,Estimate Carbon Credits"
185000.0,1665000.0,390.0,9.25,"Switch to renewables,Adopt electric vehicles,Implement methane capture,Estimate Carbon Credits"
92000.0,828000.0,204.0,4.6,"Switch to renewables,Adopt electric vehicles,Estimate Carbon Credits"
350000.0,3150000.0,720.0,17.5,"Switch to renewables,Adopt electric vehicles,Afforestation,Implement methane capture,Estimate Carbon Credits"
70000.0,1680000.0,75.0,0.7,"Switch to renewables,Estimate Carbon Credits"
60000.0,1440000.0,65.0,0.6,"Switch to renewables,Estimate Carbon Credits"
80000.0,1920000.0,85.0,0.8,"Switch to renewables,Estimate Carbon Credits"
80000.0,1920000.0,85.0,0.8,"Switch to renewables,Estimate Carbon Credits"
30000.0,720000.0,35.0,0.3,"Switch to renewables,Estimate Carbon Credits"
40000.0,960000.0,45.0,0.4,"Switch to renewables,Estimate Carbon Credits"
210000.0,1890000.0,440.0,10.5,"Switch to renewables,Adopt electric vehicles,Afforestation,Implement methane capture,Estimate Carbon Credits"
430000.0,3870000.0,880.0,21.5,"Switch to renewables,Adopt electric vehicles,Afforestation,Implement methane capture,Estimate Carbon Credits"
400000.0,3600000.0,820.0,20.0,"Switch to renewables,Adopt electric vehicles,Afforestation,Implement methane capture,Estimate Carbon Credits"
190000.0,1710000.0,400.0,9.5,"Switch to renewables,Adopt electric vehicles,Implement methane capture,Estimate Carbon Credits"
180000.0,2880000.0,302.0,90.0,"Switch to renewables,Adopt electric vehicles,Afforestation,Implement methane capture,Estimate Carbon Credits"
40000.0,960000.0,45.0,0.4,"Switch to renewables,Estimate Carbon Credits"
20000.0,480000.0,25.0,0.2,Estimate Carbon Credits
20000.0,480000.0,25.0,0.2,Estimate Carbon Credits
70000.0,1680000.0,75.0,0.7,"Switch to renewables,Estimate Carbon Credits"
10000.0,240000.0,15.0,0.1,Estimate Carbon Credits
20000.0,480000.0,25.0,0.2,Estimate Carbon Credits
20000.0,480000.0,25.0,0.2,Estimate Carbon Credits
3000.0,72000.0,8.0,0.03,Estimate Carbon Credits
130000.0,3120000.0,135.0,1.3,"Switch to renewables,Adopt electric vehicles,Implement methane capture,Estimate Carbon Credits"
10000.0,240000.0,15.0,0.1,Estimate Carbon Credits
530000.0,12720000.0,535.0,5.3,"Switch to renewables,Adopt electric vehicles,Implement methane capture,Estimate Carbon Credits"
1040000.0,9360000.0,2100.0,52.0,"Switch to renewables,Adopt electric vehicles,Afforestation,Implement methane capture,Estimate Carbon Credits"
1650000.0,14850000.0,3320.0,82.5,"Switch to renewables,Adopt electric vehicles,Afforestation,Implement methane capture,Estimate Carbon Credits"
580000.0,5220000.0,1180.0,29.0,"Switch to renewables,Adopt electric vehicles,Afforestation,Implement methane capture,Estimate Carbon Credits"
610000.0,5490000.0,1240.0,30.5,"Switch to renewables,Adopt electric vehicles,Afforestation,Implement methane capture,Estimate Carbon Credits"
1170000.0,10530000.0,2360.0,58.5,"Switch to renewables,Adopt electric vehicles,Afforestation,Implement methane capture,Estimate Carbon Credits"
380000.0,3420000.0,780.0,19.0,"Switch to renewables,Adopt electric vehicles,Afforestation,Implement methane capture,Estimate Carbon Credits"
30000.0,270000.0,80.0,1.5,Estimate Carbon Credits
540000.0,4860000.0,1100.0,27.0,"Switch to renewables,Adopt electric vehicles,Afforestation,Implement methane capture,Estimate Carbon Credits"
830000.0,7470000.0,1680.0,41.5,"Switch to renewables,Adopt electric vehicles,Afforestation,Implement methane capture,Estimate Carbon Credits"
1670000.0,15030000.0,3360.0,83.5,"Switch to renewables,Adopt electric vehicles,Afforestation,Implement methane capture,Estimate Carbon Credits"
130000.0,1170000.0,280.0,6.5,"Switch to renewables,Adopt electric vehicles,Implement methane capture,Estimate Carbon Credits"
2230000.0,20070000.0,4480.0,111.5,"Switch to renewables,Adopt electric vehicles,Afforestation,Implement methane capture,Estimate Carbon Credits"
2540000.0,22860000.0,5100.0,127.0,"Switch to renewables,Adopt electric vehicles,Afforestation,Implement methane capture,Estimate Carbon Credits"
180000.0,1620000.0,380.0,9.0,"Switch to renewables,Adopt electric vehicles,Implement methane capture,Estimate Carbon Credits"
780000.0,7020000.0,1580.0,39.0,"Switch to renewables,Adopt electric vehicles,Afforestation,Implement methane capture,Estimate Carbon Credits"
160000.0,1440000.0,340.0,8.0,"Switch to renewables,Adopt electric vehicles,Implement methane capture,Estimate Carbon Credits"
2680000.0,42880000.0,4302.0,1340.0,"Switch to renewables,Adopt electric vehicles,Afforestation,Implement methane capture,Estimate Carbon Credits"
1200000.0,19200000.0,1934.0,600.0,"Switch to renewables,Adopt electric vehicles,Afforestation,Implement methane capture,Estimate Carbon Credits"
4220000.0,67520000.0,6766.0,2110.0,"Switch to renewables,Adopt electric vehicles,Afforestation,Implement methane capture,Estimate Carbon Credits"
670000.0,10720000.0,1086.0,335.0,"Switch to renewables,Adopt electric vehicles,Afforestation,Implement methane capture,Estimate Carbon Credits"
950000.0,15200000.0,1534.0,475.0,"Switch to renewables,Adopt electric vehicles,Afforestation,Implement methane capture,Estimate Carbon Credits"
240000.0,3840000.0,398.0,120.0,"Switch to renewables,Adopt electric vehicles,Afforestation,Implement methane capture,Estimate Carbon Credits"
10000.0,160000.0,30.0,5.0,Estimate Carbon Credits
1922000.0,30752000.0,3089.2000000000000,961.0,"Switch to renewables,Adopt electric vehicles,Afforestation,Implement methane capture,Estimate Carbon Credits"
320000.0,5120000.0,526.0,160.0,"Switch to renewables,Adopt electric vehicles,Afforestation,Implement methane capture,Estimate Carbon Credits"
1243000.0,11187000.0,2506.0,62.15,"Switch to renewables,Adopt electric vehicles,Afforestation,Implement methane capture,Estimate Carbon Credits"
40000.0,960000.0,45.0,0.4,"Switch to renewables,Estimate Carbon Credits"
680000.0,6120000.0,1380.0,34.0,"Switch to renewables,Adopt electric vehicles,Afforestation,Implement methane capture,Estimate Carbon Credits"
0.0,0.0,5.0,0.0,Estimate Carbon Credits
0.0,0.0,5.0,0.0,Estimate Carbon Credits
0.0,0.0,20.0,0.0,Estimate Carbon Credits
10000.0,90000.0,40.0,0.5,Estimate Carbon Credits
0.0,0.0,20.0,0.0,Estimate Carbon Credits
490000.0,4410000.0,1000.0,24.5,"Switch to renewables,Adopt electric vehicles,Afforestation,Implement methane capture,Estimate Carbon Credits"
30000.0,270000.0,80.0,1.5,Estimate Carbon Credits
0.0,0.0,20.0,0.0,Estimate Carbon Credits
1200000.0,10800000.0,2420.0,60.0,"Switch to renewables,Adopt electric vehicles,Afforestation,Implement methane capture,Estimate Carbon Credits"
0.0,0.0,20.0,0.0,Estimate Carbon Credits
20000.0,480000.0,25.0,0.2,Estimate Carbon Credits
0.0,0.0,5.0,0.0,Estimate Carbon Credits
10000.0,90000.0,40.0,0.5,Estimate Carbon Credits
590000.0,5310000.0,1200.0,29.5,"Switch to renewables,Adopt electric vehicles,Afforestation,Implement methane capture,Estimate Carbon Credits"
910000.0,8190000.0,1840.0,45.5,"Switch to renewables,Adopt electric vehicles,Afforestation,Implement methane capture,Estimate Carbon Credits"
1400000.0,12600000.0,2820.0,70.0,"Switch to renewables,Adopt electric vehicles,Afforestation,Implement methane capture,Estimate Carbon Credits"
5303000.0,47727000.0,10626.0,265.15,"Switch to renewables,Adopt electric vehicles,Afforestation,Implement methane capture,Estimate Carbon Credits"
10000.0,240000.0,15.0,0.1,Estimate Carbon Credits
1040000.0,9360000.0,2100.0,52.0,"Switch to renewables,Adopt electric vehicles,Afforestation,Implement methane capture,Estimate Carbon Credits"
2820000.0,25380000.0,5660.0,141.0,"Switch to renewables,Adopt electric vehicles,Afforestation,Implement methane capture,Estimate Carbon Credits"
110000.0,990000.0,240.0,5.5,"Switch to renewables,Adopt electric vehicles,Implement methane capture,Estimate Carbon Credits"
420000.0,3780000.0,860.0,21.0,"Switch to renewables,Adopt electric vehicles,Afforestation,Implement methane capture,Estimate Carbon Credits"
1400000.0,12600000.0,2820.0,70.0,"Switch to renewables,Adopt electric vehicles,Afforestation,Implement methane capture,Estimate Carbon Credits"
500000.0,4500000.0,1020.0,25.0,"Switch to renewables,Adopt electric vehicles,Afforestation,Implement methane capture,Estimate Carbon Credits"
320000.0,2880000.0,660.0,16.0,"Switch to renewables,Adopt electric vehicles,Afforestation,Implement methane capture,Estimate Carbon Credits"
9420000.0,84780000.0,18860.0,471.0,"Switch to renewables,Adopt electric vehicles,Afforestation,Implement methane capture,Estimate Carbon Credits"
0.0,0.0,20.0,0.0,Estimate Carbon Credits
47000.0,423000.0,114.0,2.35,"Adopt electric vehicles,Estimate Carbon Credits"
60000.0,1440000.0,65.0,0.6,"Switch to renewables,Estimate Carbon Credits"
0.0,0.0,5.0,0.0,Estimate Carbon Credits
100000.0,2400000.0,105.0,1.0,"Switch to renewables,Adopt electric vehicles,Estimate Carbon Credits"
130000.0,1170000.0,280.0,6.5,"Switch to renewables,Adopt electric vehicles,Implement methane capture,Estimate Carbon Credits"
880000.0,7920000.0,1780.0,44.0,"Switch to renewables,Adopt electric vehicles,Afforestation,Implement methane capture,Estimate Carbon Credits"
1840000.0,16560000.0,3700.0,92.0,"Switch to renewables,Adopt electric vehicles,Afforestation,Implement methane capture,Estimate Carbon Credits"
210000.0,1890000.0,440.0,10.5,"Switch to renewables,Adopt electric vehicles,Afforestation,Implement methane capture,Estimate Carbon Credits"
3270000.0,29430000.0,6560.0,163.5,"Switch to renewables,Adopt electric vehicles,Afforestation,Implement methane capture,Estimate Carbon Credits"
0.0,0.0,20.0,0.0,Estimate Carbon Credits
4450000.0,40050000.0,8920.0,222.5,"Switch to renewables,Adopt electric vehicles,Afforestation,Implement methane capture,Estimate Carbon Credits"
1430000.0,12870000.0,2880.0,71.5,"Switch to renewables,Adopt electric vehicles,Afforestation,Implement methane capture,Estimate Carbon Credits"
2220000.0,19980000.0,4460.0,111.0,"Switch to renewables,Adopt electric vehicles,Afforestation,Implement methane capture,Estimate Carbon Credits"
460000.0,4140000.0,940.0,23.0,"Switch to renewables,Adopt electric vehicles,Afforestation,Implement methane capture,Estimate Carbon Credits"
0.0,0.0,20.0,0.0,Estimate Carbon Credits
130000.0,1170000.0,280.0,6.5,"Switch to renewables,Adopt electric vehicles,Implement methane capture,Estimate Carbon Credits"
480000.0,11520000.0,485.0,4.8,"Switch to renewables,Adopt electric vehicles,Implement methane capture,Estimate Carbon Credits"
510000.0,4590000.0,1040.0,25.5,"Switch to renewables,Adopt electric vehicles,Afforestation,Implement methane capture,Estimate Carbon Credits"
590000.0,5310000.0,1200.0,29.5,"Switch to renewables,Adopt electric vehicles,Afforestation,Implement methane capture,Estimate Carbon Credits"
2940000.0,26460000.0,5900.0,147.0,"Switch to renewables,Adopt electric vehicles,Afforestation,Implement methane capture,Estimate Carbon Credits"
2020000.0,18180000.0,4060.0,101.0,"Switch to renewables,Adopt electric vehicles,Afforestation,Implement methane capture,Estimate Carbon Credits"
4320000.0,38880000.0,8660.0,216.0,"Switch to renewables,Adopt electric vehicles,Afforestation,Implement methane capture,Estimate Carbon Credits"
10520000.0,94680000.0,21060.0,526.0,"Switch to renewables,Adopt electric vehicles,Afforestation,Implement methane capture,Estimate Carbon Credits"
12790000.0,115110000.0,25600.0,639.5,"Switch to renewables,Adopt electric vehicles,Afforestation,Implement methane capture,Estimate Carbon Credits"
5210000.0,46890000.0,10440.0,260.5,"Switch to renewables,Adopt electric vehicles,Afforestation,Implement methane capture,Estimate Carbon Credits"
1170000.0,10530000.0,2360.0,58.5,"Switch to renewables,Adopt electric vehicles,Afforestation,Implement methane capture,Estimate Carbon Credits"
228000.0,2052000.0,476.0,11.4,"Switch to renewables,Adopt electric vehicles,Afforestation,Implement methane capture,Estimate Carbon Credits"
798000.0,7182000.0,1616.0,39.9,"Switch to renewables,Adopt electric vehicles,Afforestation,Implement methane capture,Estimate Carbon Credits"
10000.0,90000.0,40.0,0.5,Estimate Carbon Credits
100000.0,900000.0,220.0,5.0,"Switch to renewables,Adopt electric vehicles,Estimate Carbon Credits"
0.0,0.0,20.0,0.0,Estimate Carbon Credits
17680000.0,159120000.0,35380.0,884.0,"Switch to renewables,Adopt electric vehicles,Afforestation,Implement methane capture,Estimate Carbon Credits"
7500000.0,67500000.0,15020.0,375.0,"Switch to renewables,Adopt electric vehicles,Afforestation,Implement methane capture,Estimate Carbon Credits"
2000000.0,18000000.0,4020.0,100.0,"Switch to renewables,Adopt electric vehicles,Afforestation,Implement methane capture,Estimate Carbon Credits"
13180000.0,118620000.0,26380.0,659.0,"Switch to renewables,Adopt electric vehicles,Afforestation,Implement methane capture,Estimate Carbon Credits"
7000000.0,63000000.0,14020.0,350.0,"Switch to renewables,Adopt electric vehicles,Afforestation,Implement methane capture,Estimate Carbon Credits"
80000.0,1920000.0,85.0,0.8,"Switch to renewables,Estimate Carbon Credits"
80000.0,1920000.0,85.0,0.8,"Switch to renewables,Estimate Carbon Credits"
160000.0,3840000.0,165.0,1.6,"Switch to renewables,Adopt electric vehicles,Implement methane capture,Estimate Carbon Credits"
90000.0,2160000.0,95.0,0.9,"Switch to renewables,Estimate Carbon Credits"
0.0,0.0,5.0,0.0,Estimate Carbon Credits
2050000.0000000000,18450000.000000000,4120.0,102.50000000000000,"Switch to renewables,Adopt electric vehicles,Afforestation,Implement methane capture,Estimate Carbon Credits"
1080000.0,9720000.0,2180.0,54.0,"Switch to renewables,Adopt electric vehicles,Afforestation,Implement methane capture,Estimate Carbon Credits"
1470000.0,13230000.0,2960.0,73.5,"Switch to renewables,Adopt electric vehicles,Afforestation,Implement methane capture,Estimate Carbon Credits"
0.0,0.0,20.0,0.0,Estimate Carbon Credits
100000.0,2400000.0,105.0,1.0,"Switch to renewables,Adopt electric vehicles,Estimate Carbon Credits"
110000.0,2640000.0,115.0,1.1,"Switch to renewables,Adopt electric vehicles,Implement methane capture,Estimate Carbon Credits"
620000.0,5580000.0,1260.0,31.0,"Switch to renewables,Adopt electric vehicles,Afforestation,Implement methane capture,Estimate Carbon Credits"
1690000.0,15210000.0,3400.0,84.5,"Switch to renewables,Adopt electric vehicles,Afforestation,Implement methane capture,Estimate Carbon Credits"
630000.0,5670000.0,1280.0,31.5,"Switch to renewables,Adopt electric vehicles,Afforestation,Implement methane capture,Estimate Carbon Credits"
600000.0,5400000.0,1220.0,30.0,"Switch to renewables,Adopt electric vehicles,Afforestation,Implement methane capture,Estimate Carbon Credits"
860000.0,7740000.0,1740.0,43.0,"Switch to renewables,Adopt electric vehicles,Afforestation,Implement methane capture,Estimate Carbon Credits"
2110000.0,18990000.0,4240.0,105.5,"Switch to renewables,Adopt electric vehicles,Afforestation,Implement methane capture,Estimate Carbon Credits"
2500000.0,22500000.0,5020.0,125.0,"Switch to renewables,Adopt electric vehicles,Afforestation,Implement methane capture,Estimate Carbon Credits"
0.0,0.0,20.0,0.0,Estimate Carbon Credits
350000.0,3150000.0,720.0,17.5,"Switch to renewables,Adopt electric vehicles,Afforestation,Implement methane capture,Estimate Carbon Credits"
1200000.0,10800000.0,2420.0,60.0,"Switch to renewables,Adopt electric vehicles,Afforestation,Implement methane capture,Estimate Carbon Credits"
0.0,0.0,20.0,0.0,Estimate Carbon Credits
0.0,0.0,20.0,0.0,Estimate Carbon Credits
0.0,0.0,20.0,0.0,Estimate Carbon Credits
6300000.0,56700000.0,12620.0,315.0,"Switch to renewables,Adopt electric vehicles,Afforestation,Implement methane capture,Estimate Carbon Credits"
50000.0,1200000.0,55.0,0.5,"Switch to renewables,Estimate Carbon Credits"
3920000.0,35280000.0,7860.0,196.0,"Switch to renewables,Adopt electric vehicles,Afforestation,Implement methane capture,Estimate Carbon Credits"
0.0,0.0,20.0,0.0,Estimate Carbon Credits
4120000.0,37080000.0,8260.0,206.0,"Switch to renewables,Adopt electric vehicles,Afforestation,Implement methane capture,Estimate Carbon Credits"
40.0,360.0,20.08,0.002,Estimate Carbon Credits
70000.0,1680000.0,75.0,0.7,"Switch to renewables,Estimate Carbon Credits"
1380000.0,12420000.0,2780.0,69.0,"Switch to renewables,Adopt electric vehicles,Afforestation,Implement methane capture,Estimate Carbon Credits"
780000.0,7020000.0,1580.0,39.0,"Switch to renewables,Adopt electric vehicles,Afforestation,Implement methane capture,Estimate Carbon Credits"
600000.0,5400000.0,1220.0,30.0,"Switch to renewables,Adopt electric vehicles,Afforestation,Implement methane capture,Estimate Carbon Credits"
470000.0,4230000.0,960.0,23.5,"Switch to renewables,Adopt electric vehicles,Afforestation,Implement methane capture,Estimate Carbon Credits"
0.0,0.0,20.0,0.0,Estimate Carbon Credits
300000.0,2700000.0,620.0,15.0,"Switch to renewables,Adopt electric vehicles,Afforestation,Implement methane capture,Estimate Carbon Credits"
120000.0,1080000.0,260.0,6.0,"Switch to renewables,Adopt electric vehicles,Implement methane capture,Estimate Carbon Credits"
70000.0,630000.0,160.0,3.5,"Switch to renewables,Adopt electric vehicles,Estimate Carbon Credits"
250000.0,6000000.0,255.0,2.5,"Switch to renewables,Adopt electric vehicles,Implement methane capture,Estimate Carbon Credits"
230000.0,5520000.0,235.0,2.3,"Switch to renewables,Adopt electric vehicles,Implement methane capture,Estimate Carbon Credits"
130000.0,3120000.0,135.0,1.3,"Switch to renewables,Adopt electric vehicles,Implement methane capture,Estimate Carbon Credits"
0.0,0.0,5.0,0.0,Estimate Carbon Credits
800000.0,7200000.0,1620.0,40.0,"Switch to renewables,Adopt electric vehicles,Afforestation,Implement methane capture,Estimate Carbon Credits"
3500000.0,31500000.0,7020.0,175.0,"Switch to renewables,Adopt electric vehicles,Afforestation,Implement methane capture,Estimate Carbon Credits"
900000.0,8100000.0,1820.0,45.0,"Switch to renewables,Adopt electric vehicles,Afforestation,Implement methane capture,Estimate Carbon Credits"
750000.0,6750000.0,1520.0,37.5,"Switch to renewables,Adopt electric vehicles,Afforestation,Implement methane capture,Estimate Carbon Credits"
1120000.0,10080000.0,2260.0,56.0,"Switch to renewables,Adopt electric vehicles,Afforestation,Implement methane capture,Estimate Carbon Credits"
4000.0,36000.0,28.0,0.2,Estimate Carbon Credits
4850000.0,43650000.0,9720.0,242.5,"Switch to renewables,Adopt electric vehicles,Afforestation,Implement methane capture,Estimate Carbon Credits"
2000000.0,18000000.0,4020.0,100.0,"Switch to renewables,Adopt electric vehicles,Afforestation,Implement methane capture,Estimate Carbon Credits"
4140000.0000000000,37260000.00000000,8300.0,207.00000000000000,"Switch to renewables,Adopt electric vehicles,Afforestation,Implement methane capture,Estimate Carbon Credits"
1870000.0,16830000.0,3760.0,93.5,"Switch to renewables,Adopt electric vehicles,Afforestation,Implement methane capture,Estimate Carbon Credits"
270000.0,2430000.0,560.0,13.5,"Switch to renewables,Adopt electric vehicles,Afforestation,Implement methane capture,Estimate Carbon Credits"
2800000.0,25200000.0,5620.0,140.0,"Switch to renewables,Adopt electric vehicles,Afforestation,Implement methane capture,Estimate Carbon Credits"
2630000.0,23670000.0,5280.0,131.5,"Switch to renewables,Adopt electric vehicles,Afforestation,Implement methane capture,Estimate Carbon Credits"
19530000.0,175770000.0,39080.0,976.5,"Switch to renewables,Adopt electric vehicles,Afforestation,Implement methane capture,Estimate Carbon Credits"
13470000.0,121230000.0,26960.0,673.5,"Switch to renewables,Adopt electric vehicles,Afforestation,Implement methane capture,Estimate Carbon Credits"
19590000.0,176310000.0,39200.0,979.5,"Switch to renewables,Adopt electric vehicles,Afforestation,Implement methane capture,Estimate Carbon Credits"
5470000.0,49230000.0,10960.0,273.5,"Switch to renewables,Adopt electric vehicles,Afforestation,Implement methane capture,Estimate Carbon Credits"
18699000.0,168291000.0,37418.0,934.95,"Switch to renewables,Adopt electric vehicles,Afforestation,Implement methane capture,Estimate Carbon Credits"
370000.0,8880000.0,375.0,3.7,"Switch to renewables,Adopt electric vehicles,Implement methane capture,Estimate Carbon Credits"
80000.0,1920000.0,85.0,0.8,"Switch to renewables,Estimate Carbon Credits"
170000.0,4080000.0,175.0,1.7,"Switch to renewables,Adopt electric vehicles,Implement methane capture,Estimate Carbon Credits"
130000.0,3120000.0,135.0,1.3,"Switch to renewables,Adopt electric vehicles,Implement methane capture,Estimate Carbon Credits"
430000.0,10320000.0,435.0,4.3,"Switch to renewables,Adopt electric vehicles,Implement methane capture,Estimate Carbon Credits"
320000.0,7680000.0,325.0,3.2,"Switch to renewables,Adopt electric vehicles,Implement methane capture,Estimate Carbon Credits"
330000.0,7920000.0,335.0,3.3,"Switch to renewables,Adopt electric vehicles,Implement methane capture,Estimate Carbon Credits"
120000.0,2880000.0,125.0,1.2,"Switch to renewables,Adopt electric vehicles,Implement methane capture,Estimate Carbon Credits"
0.0,0.0,5.0,0.0,Estimate Carbon Credits
100000.0,2400000.0,105.0,1.0,"Switch to renewables,Adopt electric vehicles,Estimate Carbon Credits"
100000.0,2400000.0,105.0,1.0,"Switch to renewables,Adopt electric vehicles,Estimate Carbon Credits"
400000.0,3600000.0,820.0,20.0,"Switch to renewables,Adopt electric vehicles,Afforestation,Implement methane capture,Estimate Carbon Credits"
0.0,0.0,20.0,0.0,Estimate Carbon Credits
0.0,0.0,20.0,0.0,Estimate Carbon Credits
0.0,0.0,20.0,0.0,Estimate Carbon Credits
0.0,0.0,20.0,0.0,Estimate Carbon Credits
180000.0,4320000.0,185.0,1.8,"Switch to renewables,Adopt electric vehicles,Implement methane capture,Estimate Carbon Credits"
0.0,0.0,5.0,0.0,Estimate Carbon Credits
440000.0,3960000.0,900.0,22.0,"Switch to renewables,Adopt electric vehicles,Afforestation,Implement methane capture,Estimate Carbon Credits"
200000.0,3200000.0,334.0,100.0,"Switch to renewables,Adopt electric vehicles,Afforestation,Implement methane capture,Estimate Carbon Credits"
440000.0,7040000.0,718.0,220.0,"Switch to renewables,Adopt electric vehicles,Afforestation,Implement methane capture,Estimate Carbon Credits"
103000.0,927000.0,226.0,5.15,"Switch to renewables,Adopt electric vehicles,Implement methane capture,Estimate Carbon Credits"
1590000.0,38160000.0,1595.0,15.9,"Switch to renewables,Adopt electric vehicles,Afforestation,Implement methane capture,Estimate Carbon Credits"
250000.0,6000000.0,255.0,2.5,"Switch to renewables,Adopt electric vehicles,Implement methane capture,Estimate Carbon Credits"
0.0,0.0,5.0,0.0,Estimate Carbon Credits
160000.0,3840000.0,165.0,1.6,"Switch to renewables,Adopt electric vehicles,Implement methane capture,Estimate Carbon Credits"
330000.0,7920000.0,335.0,3.3,"Switch to renewables,Adopt electric vehicles,Implement methane capture,Estimate Carbon Credits"
350000.0,8400000.0,355.0,3.5,"Switch to renewables,Adopt electric vehicles,Implement methane capture,Estimate Carbon Credits"
170000.0,4080000.0,175.0,1.7,"Switch to renewables,Adopt electric vehicles,Implement methane capture,Estimate Carbon Credits"
660000.0,15840000.0,665.0,6.6,"Switch to renewables,Adopt electric vehicles,Implement methane capture,Estimate Carbon Credits"
1070000.0,9630000.0,2160.0,53.5,"Switch to renewables,Adopt electric vehicles,Afforestation,Implement methane capture,Estimate Carbon Credits"
350000.0,8400000.0,355.0,3.5,"Switch to renewables,Adopt electric vehicles,Implement methane capture,Estimate Carbon Credits"
340000.0,8160000.0,345.0,3.4,"Switch to renewables,Adopt electric vehicles,Implement methane capture,Estimate Carbon Credits"
80000.0,1920000.0,85.0,0.8,"Switch to renewables,Estimate Carbon Credits"
110000.0,2640000.0,115.0,1.1,"Switch to renewables,Adopt electric vehicles,Implement methane capture,Estimate Carbon Credits"
0.0,0.0,5.0,0.0,Estimate Carbon Credits
130000.0,3120000.0,135.0,1.3,"Switch to renewables,Adopt electric vehicles,Implement methane capture,Estimate Carbon Credits"
250000.0,6000000.0,255.0,2.5,"Switch to renewables,Adopt electric vehicles,Implement methane capture,Estimate Carbon Credits"
0.0,0.0,20.0,0.0,Estimate Carbon Credits
0.0,0.0,20.0,0.0,Estimate Carbon Credits
0.0,0.0,20.0,0.0,Estimate Carbon Credits
15000000.0,135000000.0,30020.0,750.0,"Switch to renewables,Adopt electric vehicles,Afforestation,Implement methane capture,Estimate Carbon Credits"
2000000.0,18000000.0,4020.0,100.0,"Switch to renewables,Adopt electric vehicles,Afforestation,Implement methane capture,Estimate Carbon Credits"
90000.0,810000.0,200.0,4.5,"Switch to renewables,Adopt electric vehicles,Estimate Carbon Credits"
420000.0,10080000.0,425.0,4.2,"Switch to renewables,Adopt electric vehicles,Implement methane capture,Estimate Carbon Credits"
40000.0,960000.0,45.0,0.4,"Switch to renewables,Estimate Carbon Credits"
310000.0,7440000.0,315.0,3.1,"Switch to renewables,Adopt electric vehicles,Implement methane capture,Estimate Carbon Credits"
150000.0,3600000.0,155.0,1.5,"Switch to renewables,Adopt electric vehicles,Implement methane capture,Estimate Carbon Credits"
170000.0,1530000.0,360.0,8.5,"Switch to renewables,Adopt electric vehicles,Implement methane capture,Estimate Carbon Credits"
500000.0,12000000.0,505.0,5.0,"Switch to renewables,Adopt electric vehicles,Implement methane capture,Estimate Carbon Credits"
50000.0,1200000.0,55.0,0.5,"Switch to renewables,Estimate Carbon Credits"
130000.0,3120000.0,135.0,1.3,"Switch to renewables,Adopt electric vehicles,Implement methane capture,Estimate Carbon Credits"
190000.0,4560000.0,195.0,1.9,"Switch to renewables,Adopt electric vehicles,Implement methane capture,Estimate Carbon Credits"
100000.0,2400000.0,105.0,1.0,"Switch to renewables,Adopt electric vehicles,Estimate Carbon Credits"
120000.0,2880000.0,125.0,1.2,"Switch to renewables,Adopt electric vehicles,Implement methane capture,Estimate Carbon Credits"
200000.0,4800000.0,205.0,2.0,"Switch to renewables,Adopt electric vehicles,Implement methane capture,Estimate Carbon Credits"
380000.0,9120000.0,385.0,3.8,"Switch to renewables,Adopt electric vehicles,Implement methane capture,Estimate Carbon Credits"
390000.0,9360000.0,395.0,3.9,"Switch to renewables,Adopt electric vehicles,Implement methane capture,Estimate Carbon Credits"
4900000.0,44100000.0,9820.0,245.0,"Switch to renewables,Adopt electric vehicles,Afforestation,Implement methane capture,Estimate Carbon Credits"
0.0,0.0,20.0,0.0,Estimate Carbon Credits
42330000.0,380970000.0,84680.0,2116.5,"Switch to renewables,Adopt electric vehicles,Afforestation,Implement methane capture,Estimate Carbon Credits"
45000000.0,405000000.0,90020.0,2250.0,"Switch to renewables,Adopt electric vehicles,Afforestation,Implement methane capture,Estimate Carbon Credits"
25180000.0,226620000.0,50380.0,1259.0,"Switch to renewables,Adopt electric vehicles,Afforestation,Implement methane capture,Estimate Carbon Credits"
1000000.0,9000000.0,2020.0,50.0,"Switch to renewables,Adopt electric vehicles,Afforestation,Implement methane capture,Estimate Carbon Credits"
1470000.0,13230000.0,2960.0,73.5,"Switch to renewables,Adopt electric vehicles,Afforestation,Implement methane capture,Estimate Carbon Credits"
2700000.0,24300000.0,5420.0,135.0,"Switch to renewables,Adopt electric vehicles,Afforestation,Implement methane capture,Estimate Carbon Credits"
2240000.0,20160000.0,4500.0,112.0,"Switch to renewables,Adopt electric vehicles,Afforestation,Implement methane capture,Estimate Carbon Credits"
1650000.0,14850000.0,3320.0,82.5,"Switch to renewables,Adopt electric vehicles,Afforestation,Implement methane capture,Estimate Carbon Credits"
760000.0,6840000.0,1540.0,38.0,"Switch to renewables,Adopt electric vehicles,Afforestation,Implement methane capture,Estimate Carbon Credits"
2660000.0,23940000.0,5340.0,133.0,"Switch to renewables,Adopt electric vehicles,Afforestation,Implement methane capture,Estimate Carbon Credits"
548000.0,4932000.0,1116.0,27.4,"Switch to renewables,Adopt electric vehicles,Afforestation,Implement methane capture,Estimate Carbon Credits"
126000.0,1134000.0,272.0,6.3,"Switch to renewables,Adopt electric vehicles,Implement methane capture,Estimate Carbon Credits"
407000.0,3663000.0,834.0,20.35,"Switch to renewables,Adopt electric vehicles,Afforestation,Implement methane capture,Estimate Carbon Credits"
190000.0,1710000.0,400.0,9.5,"Switch to renewables,Adopt electric vehicles,Implement methane capture,Estimate Carbon Credits"
270000.0,6480000.0,275.0,2.7,"Switch to renewables,Adopt electric vehicles,Implement methane capture,Estimate Carbon Credits"
220000.0,5280000.0,225.0,2.2,"Switch to renewables,Adopt electric vehicles,Implement methane capture,Estimate Carbon Credits"
220000.0,5280000.0,225.0,2.2,"Switch to renewables,Adopt electric vehicles,Implement methane capture,Estimate Carbon Credits"
560000.0,13440000.0,565.0,5.6,"Switch to renewables,Adopt electric vehicles,Implement methane capture,Estimate Carbon Credits"
330000.0,7920000.0,335.0,3.3,"Switch to renewables,Adopt electric vehicles,Implement methane capture,Estimate Carbon Credits"
390000.0,9360000.0,395.0,3.9,"Switch to renewables,Adopt electric vehicles,Implement methane capture,Estimate Carbon Credits"
0.0,0.0,20.0,0.0,Estimate Carbon Credits
150000.0,3600000.0,155.0,1.5,"Switch to renewables,Adopt electric vehicles,Implement methane capture,Estimate Carbon Credits"
190000.0,4560000.0,195.0,1.9,"Switch to renewables,Adopt electric vehicles,Implement methane capture,Estimate Carbon Credits"
140000.0,3360000.0,145.0,1.4,"Switch to renewables,Adopt electric vehicles,Implement methane capture,Estimate Carbon Credits"
280000.0,6720000.0,285.0,2.8,"Switch to renewables,Adopt electric vehicles,Implement methane capture,Estimate Carbon Credits"
80000.0,1920000.0,85.0,0.8,"Switch to renewables,Estimate Carbon Credits"
1640000.0,14760000.0,3300.0,82.0,"Switch to renewables,Adopt electric vehicles,Afforestation,Implement methane capture,Estimate Carbon Credits"
1150000.0,10350000.0,2320.0,57.5,"Switch to renewables,Adopt electric vehicles,Afforestation,Implement methane capture,Estimate Carbon Credits"
240000.0,5760000.0,245.0,2.4,"Switch to renewables,Adopt electric vehicles,Implement methane capture,Estimate Carbon Credits"
650000.0,15600000.0,655.0,6.5,"Switch to renewables,Adopt electric vehicles,Implement methane capture,Estimate Carbon Credits"
220000.0,5280000.0,225.0,2.2,"Switch to renewables,Adopt electric vehicles,Implement methane capture,Estimate Carbon Credits"
820000.0,19680000.0,825.0,8.2,"Switch to renewables,Adopt electric vehicles,Implement methane capture,Estimate Carbon Credits"
840000.0,20160000.0,845.0,8.4,"Switch to renewables,Adopt electric vehicles,Implement methane capture,Estimate Carbon Credits"
1310000.0,11790000.0,2640.0,65.5,"Switch to renewables,Adopt electric vehicles,Afforestation,Implement methane capture,Estimate Carbon Credits"
130000.0,3120000.0,135.0,1.3,"Switch to renewables,Adopt electric vehicles,Implement methane capture,Estimate Carbon Credits"
60000.0,1440000.0,65.0,0.6,"Switch to renewables,Estimate Carbon Credits"
160000.0,3840000.0,165.0,1.6,"Switch to renewables,Adopt electric vehicles,Implement methane capture,Estimate Carbon Credits"
150000.0,3600000.0,155.0,1.5,"Switch to renewables,Adopt electric vehicles,Implement methane capture,Estimate Carbon Credits"
70000.0,1680000.0,75.0,0.7,"Switch to renewables,Estimate Carbon Credits"
160000.0,3840000.0,165.0,1.6,"Switch to renewables,Adopt electric vehicles,Implement methane capture,Estimate Carbon Credits"
140000.0,1260000.0,300.0,7.0,"Switch to renewables,Adopt electric vehicles,Implement methane capture,Estimate Carbon Credits"
0.0,0.0,5.0,0.0,Estimate Carbon Credits
85000.0,2040000.0,90.0,0.85,"Switch to renewables,Estimate Carbon Credits"
0.0,0.0,5.0,0.0,Estimate Carbon Credits
0.0,0.0,5.0,0.0,Estimate Carbon Credits
4781000.0,43029000.0,9582.0,239.05,"Switch to renewables,Adopt electric vehicles,Afforestation,Implement methane capture,Estimate Carbon Credits"
0.0,0.0,20.0,0.0,Estimate Carbon Credits
6582000.0,59238000.0,13184.0,329.1,"Switch to renewables,Adopt electric vehicles,Afforestation,Implement methane capture,Estimate Carbon Credits"
5234000.0,47106000.0,10488.0,261.7,"Switch to renewables,Adopt electric vehicles,Afforestation,Implement methane capture,Estimate Carbon Credits"
3453000.0,31077000.0,6926.0,172.65,"Switch to renewables,Adopt electric vehicles,Afforestation,Implement methane capture,Estimate Carbon Credits"
28000000.0,252000000.0,56020.0,1400.0,"Switch to renewables,Adopt electric vehicles,Afforestation,Implement methane capture,Estimate Carbon Credits"
10932000.0,98388000.0,21884.0,546.6,"Switch to renewables,Adopt electric vehicles,Afforestation,Implement methane capture,Estimate Carbon Credits"
14007000.0,126063000.0,28034.0,700.35,"Switch to renewables,Adopt electric vehicles,Afforestation,Implement methane capture,Estimate Carbon Credits"
7533000.0,67797000.0,15086.0,376.65,"Switch to renewables,Adopt electric vehicles,Afforestation,Implement methane capture,Estimate Carbon Credits"
2840000.0,25560000.0,5700.0,142.0,"Switch to renewables,Adopt electric vehicles,Afforestation,Implement methane capture,Estimate Carbon Credits"
4611000.0,41499000.0,9242.0,230.55,"Switch to renewables,Adopt electric vehicles,Afforestation,Implement methane capture,Estimate Carbon Credits"
7510000.0,67590000.0,15040.0,375.5,"Switch to renewables,Adopt electric vehicles,Afforestation,Implement methane capture,Estimate Carbon Credits"
21000000.0,189000000.0,42020.0,1050.0,"Switch to renewables,Adopt electric vehicles,Afforestation,Implement methane capture,Estimate Carbon Credits"
0.0,0.0,20.0,0.0,Estimate Carbon Credits
314000.0,7536000.0,319.0,3.14,"Switch to renewables,Adopt electric vehicles,Implement methane capture,Estimate Carbon Credits"
41000.0,984000.0,46.0,0.41,"Switch to renewables,Estimate Carbon Credits"
395000.0,9480000.0,400.0,3.95,"Switch to renewables,Adopt electric vehicles,Implement methane capture,Estimate Carbon Credits"
0.0,0.0,5.0,0.0,Estimate Carbon Credits
1540000.0,13860000.0,3100.0,77.0,"Switch to renewables,Adopt electric vehicles,Afforestation,Implement methane capture,Estimate Carbon Credits"
13627000.0,122643000.0,27274.0,681.35,"Switch to renewables,Adopt electric vehicles,Afforestation,Implement methane capture,Estimate Carbon Credits"
7592000.0,68328000.0,15204.0,379.6,"Switch to renewables,Adopt electric vehicles,Afforestation,Implement methane capture,Estimate Carbon Credits"
1820000.0,16380000.0,3660.0,91.0,"Switch to renewables,Adopt electric vehicles,Afforestation,Implement methane capture,Estimate Carbon Credits"
10.0,90.0,20.02,0.0005,Estimate Carbon Credits
10.0,90.0,20.02,0.0005,Estimate Carbon Credits
270000.0,2430000.0,560.0,13.5,"Switch to renewables,Adopt electric vehicles,Afforestation,Implement methane capture,Estimate Carbon Credits"
0.0,0.0,5.0,0.0,Estimate Carbon Credits
450000.0,4050000.0,920.0,22.5,"Switch to renewables,Adopt electric vehicles,Afforestation,Implement methane capture,Estimate Carbon Credits"
70000.0,630000.0,160.0,3.5,"Switch to renewables,Adopt electric vehicles,Estimate Carbon Credits"
7980000.0,71820000.0,15980.0,399.0,"Switch to renewables,Adopt electric vehicles,Afforestation,Implement methane capture,Estimate Carbon Credits"
2970000.0,26730000.0,5960.0,148.5,"Switch to renewables,Adopt electric vehicles,Afforestation,Implement methane capture,Estimate Carbon Credits"
12510000.0,112590000.0,25040.0,625.5,"Switch to renewables,Adopt electric vehicles,Afforestation,Implement methane capture,Estimate Carbon Credits"
1270000.0,11430000.0,2560.0,63.5,"Switch to renewables,Adopt electric vehicles,Afforestation,Implement methane capture,Estimate Carbon Credits"
280000.0,2520000.0,580.0,14.0,"Switch to renewables,Adopt electric vehicles,Afforestation,Implement methane capture,Estimate Carbon Credits"
3060000.0,27540000.0,6140.0,153.0,"Switch to renewables,Adopt electric vehicles,Afforestation,Implement methane capture,Estimate Carbon Credits"
920000.0,8280000.0,1860.0,46.0,"Switch to renewables,Adopt electric vehicles,Afforestation,Implement methane capture,Estimate Carbon Credits"
710000.0,6390000.0,1440.0,35.5,"Switch to renewables,Adopt electric vehicles,Afforestation,Implement methane capture,Estimate Carbon Credits"
2850000.0,25650000.0,5720.0,142.5,"Switch to renewables,Adopt electric vehicles,Afforestation,Implement methane capture,Estimate Carbon Credits"
1360000.0,12240000.0,2740.0,68.0,"Switch to renewables,Adopt electric vehicles,Afforestation,Implement methane capture,Estimate Carbon Credits"
550000.0,4950000.0,1120.0,27.5,"Switch to renewables,Adopt electric vehicles,Afforestation,Implement methane capture,Estimate Carbon Credits"
60000.0,540000.0,140.0,3.0,"Switch to renewables,Adopt electric vehicles,Estimate Carbon Credits"
4500000.0,40500000.0,9020.0,225.0,"Switch to renewables,Adopt electric vehicles,Afforestation,Implement methane capture,Estimate Carbon Credits"
910000.0,8190000.0,1840.0,45.5,"Switch to renewables,Adopt electric vehicles,Afforestation,Implement methane capture,Estimate Carbon Credits"
190000.0,1710000.0,400.0,9.5,"Switch to renewables,Adopt electric vehicles,Implement methane capture,Estimate Carbon Credits"
290000.0,2610000.0,600.0,14.5,"Switch to renewables,Adopt electric vehicles,Afforestation,Implement methane capture,Estimate Carbon Credits"
290000.0,2610000.0,600.0,14.5,"Switch to renewables,Adopt electric vehicles,Afforestation,Implement methane capture,Estimate Carbon Credits"
670000.0,6030000.0,1360.0,33.5,"Switch to renewables,Adopt electric vehicles,Afforestation,Implement methane capture,Estimate Carbon Credits"
1350000.0,12150000.0,2720.0,67.5,"Switch to renewables,Adopt electric vehicles,Afforestation,Implement methane capture,Estimate Carbon Credits"
1673000.0,15057000.0,3366.0,83.65,"Switch to renewables,Adopt electric vehicles,Afforestation,Implement methane capture,Estimate Carbon Credits"
3995176.0,35956584.0,8010.352,199.7588,"Switch to renewables,Adopt electric vehicles,Afforestation,Implement methane capture,Estimate Carbon Credits"
4828857.0,43459713.0,9677.714,241.44285,"Switch to renewables,Adopt electric vehicles,Afforestation,Implement methane capture,Estimate Carbon Credits"
3813674.0,34323066.0,7647.348,190.6837,"Switch to renewables,Adopt electric vehicles,Afforestation,Implement methane capture,Estimate Carbon Credits"
192418.0,1731762.0,404.836,9.6209,"Switch to renewables,Adopt electric vehicles,Implement methane capture,Estimate Carbon Credits"
3500000.0,31500000.0,7020.0,175.0,"Switch to renewables,Adopt electric vehicles,Afforestation,Implement methane capture,Estimate Carbon Credits"
3376755.0,30390795.0,6773.51,168.83775,"Switch to renewables,Adopt electric vehicles,Afforestation,Implement methane capture,Estimate Carbon Credits"
0.0,0.0,20.0,0.0,Estimate Carbon Credits
5021738.0,45195642.0,10063.476,251.0869,"Switch to renewables,Adopt electric vehicles,Afforestation,Implement methane capture,Estimate Carbon Credits"
2980751.0,26826759.0,5981.502,149.03755,"Switch to renewables,Adopt electric vehicles,Afforestation,Implement methane capture,Estimate Carbon Credits"
1800000.0,16200000.0,3620.0,90.0,"Switch to renewables,Adopt electric vehicles,Afforestation,Implement methane capture,Estimate Carbon Credits"
210019.0,5040456.0,215.019,2.10019,"Switch to renewables,Adopt electric vehicles,Implement methane capture,Estimate Carbon Credits"
416341.0,9992184.0,421.341,4.16341,"Switch to renewables,Adopt electric vehicles,Implement methane capture,Estimate Carbon Credits"
972.0,23328.0,5.9720000000000000,0.00972,Estimate Carbon Credits
19911.0,477864.0,24.911,0.19911,Estimate Carbon Credits
338534.0,3046806.0,697.068,16.9267,"Switch to renewables,Adopt electric vehicles,Afforestation,Implement methane capture,Estimate Carbon Credits"
335209.0,3016881.0,690.418,16.76045,"Switch to renewables,Adopt electric vehicles,Afforestation,Implement methane capture,Estimate Carbon Credits"
191889.0,1727001.0,403.778,9.59445,"Switch to renewables,Adopt electric vehicles,Implement methane capture,Estimate Carbon Credits"
1269485.0,11425365.0,2558.9700000000000,63.47425,"Switch to renewables,Adopt electric vehicles,Afforestation,Implement methane capture,Estimate Carbon Credits"
278343.0,2505087.0,576.686,13.91715,"Switch to renewables,Adopt electric vehicles,Afforestation,Implement methane capture,Estimate Carbon Credits"
0.0,0.0,20.0,0.0,Estimate Carbon Credits
2602655.0,23423895.0,5225.31,130.13275,"Switch to renewables,Adopt electric vehicles,Afforestation,Implement methane capture,Estimate Carbon Credits"
406065.0,3654585.0,832.13,20.30325,"Switch to renewables,Adopt electric vehicles,Afforestation,Implement methane capture,Estimate Carbon Credits"
18178.0,163602.0,56.356,0.9089,Estimate Carbon Credits
1969656.0,17726904.0,3959.312,98.4828,"Switch to renewables,Adopt electric vehicles,Afforestation,Implement methane capture,Estimate Carbon Credits"
1750009.0,15750081.0,3520.018,87.50045,"Switch to renewables,Adopt electric vehicles,Afforestation,Implement methane capture,Estimate Carbon Credits"
2969306.0,26723754.0,5958.612,148.4653,"Switch to renewables,Adopt electric vehicles,Afforestation,Implement methane capture,Estimate Carbon Credits"
0.0,0.0,20.0,0.0,Estimate Carbon Credits
42699.0,1024776.0,47.699,0.42699,"Switch to renewables,Estimate Carbon Credits"
320156.0,7683744.0,325.156,3.20156,"Switch to renewables,Adopt electric vehicles,Implement methane capture,Estimate Carbon Credits"
342369.0,8216856.0,347.369,3.42369,"Switch to renewables,Adopt electric vehicles,Implement methane capture,Estimate Carbon Credits"
401343.0,9632232.0,406.343,4.01343,"Switch to renewables,Adopt electric vehicles,Implement methane capture,Estimate Carbon Credits"
130816.00000000000,3139584.0000000000,135.81600000000000,1.3081600000000000,"Switch to renewables,Adopt electric vehicles,Implement methane capture,Estimate Carbon Credits"
400378.0,9609072.0,405.378,4.00378,"Switch to renewables,Adopt electric vehicles,Implement methane capture,Estimate Carbon Credits"
161502.0,3876048.0,166.502,1.61502,"Switch to renewables,Adopt electric vehicles,Implement methane capture,Estimate Carbon Credits"
283302.0,6799248.0,288.302,2.83302,"Switch to renewables,Adopt electric vehicles,Implement methane capture,Estimate Carbon Credits"
225118.0,5402832.0,230.118,2.25118,"Switch to renewables,Adopt electric vehicles,Implement methane capture,Estimate Carbon Credits"
2060188.0000000000,49444512.00000000,2065.188,20.601880000000000,"Switch to renewables,Adopt electric vehicles,Afforestation,Implement methane capture,Estimate Carbon Credits"
91051.0,2185224.0,96.051,0.91051,"Switch to renewables,Estimate Carbon Credits"
130566.00000000000,3133584.0000000000,135.56600000000000,1.3056600000000000,"Switch to renewables,Adopt electric vehicles,Implement methane capture,Estimate Carbon Credits"
144250.0,3462000.0,149.25,1.4425,"Switch to renewables,Adopt electric vehicles,Implement methane capture,Estimate Carbon Credits"
172991.0,4151784.0,177.991,1.72991,"Switch to renewables,Adopt electric vehicles,Implement methane capture,Estimate Carbon Credits"
115257.0,2766168.0,120.257,1.15257,"Switch to renewables,Adopt electric vehicles,Implement methane capture,Estimate Carbon Credits"
0.0,0.0,20.0,0.0,Estimate Carbon Credits
1084318.0,9758862.0,2188.636,54.2159,"Switch to renewables,Adopt electric vehicles,Afforestation,Implement methane capture,Estimate Carbon Credits"
165635.0,1490715.0,351.27,8.28175,"Switch to renewables,Adopt electric vehicles,Implement methane capture,Estimate Carbon Credits"
4234619.0,38111571.0,8489.238,211.73095,"Switch to renewables,Adopt electric vehicles,Afforestation,Implement methane capture,Estimate Carbon Credits"
2562118.0,23059062.0,5144.236,128.1059,"Switch to renewables,Adopt electric vehicles,Afforestation,Implement methane capture,Estimate Carbon Credits"
2368628.0,21317652.0,4757.256,118.4314,"Switch to renewables,Adopt electric vehicles,Afforestation,Implement methane capture,Estimate Carbon Credits"
4634942.0,41714478.0,9289.884,231.7471,"Switch to renewables,Adopt electric vehicles,Afforestation,Implement methane capture,Estimate Carbon Credits"
147630.0,3543120.0,152.63,1.4763,"Switch to renewables,Adopt electric vehicles,Implement methane capture,Estimate Carbon Credits"
198926.0,4774224.0,203.92600000000000,1.98926,"Switch to renewables,Adopt electric vehicles,Implement methane capture,Estimate Carbon Credits"
214798.0,5155152.0,219.798,2.14798,"Switch to renewables,Adopt electric vehicles,Implement methane capture,Estimate Carbon Credits"
283656.0,6807744.0,288.656,2.83656,"Switch to renewables,Adopt electric vehicles,Implement methane capture,Estimate Carbon Credits"
18202.0,436848.0,23.202,0.18202,Estimate Carbon Credits
804029.0,19296696.0,809.029,8.04029,"Switch to renewables,Adopt electric vehicles,Implement methane capture,Estimate Carbon Credits"
19551.0,469224.0,24.551000000000000,0.19551,Estimate Carbon Credits